https://olake.io/docs/connectors/mongodb/benchmarks/,https://olake.io/docs/benchmarks?tab=mongodb,301,FALSE
https://olake.io/docs/connectors/postgres/benchmarks/,https://olake.io/docs/benchmarks?tab=postgres,301,FALSE
https://olake.io/docs/connectors/mysql/benchmarks/,https://olake.io/docs/benchmarks?tab=mysql,301,FALSE
https://olake.io/olake/mongodb/,https://olake.io/docs,301,FALSE
https://olake.io/olake/mongodb/colake-connectors-for-olake/,https://olake.io/docs,301,FALSE
https://olake.io/olake/mongodb/colake-state-management/,https://olake.io/docs/core/state-controller,301,FALSE
https://olake.io/olake/mongodb/framework/,https://olake.io/docs/core/architecture,301,FALSE
https://olake.io/olake/mongodb/benchmark/,https://olake.io/docs/benchmarks?tab=mongodb,301,FALSE
https://olake.io/olake/mongodb/how-to-start-contributing-on-olake/,https://olake.io/docs/community/contributing,301,FALSE
https://olake.io/docs/olake/mongodb/how-to-start-contributing-on-olake/,https://olake.io/docs/community/contributing,301,FALSE
https://olake.io/olake/drivers/mongodb-poc/,https://olake.io/docs/connectors/mongodb/overview,301,FALSE
https://olake.io/blog/top-mongodb-etl-tools-a-comprehensive-guide-to-syncing-your-nosql-data/,https://olake.io/blog,301,FALSE
https://olake.io/docs/getting-started/,https://olake.io/docs/getting-started/quickstart,301,FALSE
https://olake.io/docs/playground/olake-iceberg-presto/,https://olake.io/docs/getting-started/playground,301,FALSE
https://olake.io/docs/configs/s3/,https://olake.io/docs/writers/parquet/config,301,FALSE
https://olake.io/docs/understanding/iceberg-partitioning/,https://olake.io/docs/writers/iceberg/partitioning/,301,FALSE
https://olake.io/docs/getting-started/docker-cli/,https://olake.io/docs/install/docker-cli/,301,FALSE
https://olake.io/docs/getting-started/olake-cli/,https://olake.io/docs/install/docker-cli/,301,FALSE
https://olake.io/docs/connectors/iceberg/,https://olake.io/docs/writers/iceberg/catalog/overview/,301,FALSE
https://olake.io/docs/connectors/glue-catalog/,https://olake.io/docs/writers/iceberg/catalog/glue/,301,FALSE
